scenario_id,method,method_class,n_results,expected_tags,hit_tags,missed_tags,correct,retrieved_text_preview
scenario-01,keyword,symbolic,5,oom;memory;killed;payment,payment,oom;memory;killed,0, Normal Successful Completion of Pod cloudgraph-qdrant-0 Active    Normal Successful Completion of Pod cloudgraph-qdrant-0 Active    Normal Successful Completion of Pod cloudgraph-qdrant-0 - No Anomaly Detected Active   payment-service-pod-7f  Failed   payment-service
scenario-01,vector,neural,5,oom;memory;killed;payment,oom;memory;killed;payment,,1,Pod payment-service failed due to OOMKilled payment-service-pod-7f   Container memory usage exceeded 512Mi limit payment-service-pod-7f   metric summary pod_memory_utilization_ratio value 38.127055888288155 timestamp 1786052515 labels {'unit': '%'} pod_memory_utilization_ratio   metric summary pod_memory_utilization_ratio value 49.76237444469271 timestamp 1786052515 labels {'unit': '%'} pod_memory_utilization_ratio   metric summary pod_memory_utilization_ratio value 52.52892812736575 timestamp 1
scenario-01,hybrid,neuro-symbolic,5,oom;memory;killed;payment,oom;memory;killed;payment,,1,payment-service-pod-7f Pod payment-service failed due to OOMKilled Pod payment-service failed due to OOMKilled    payment-service-pod-7f Container memory usage exceeded 512Mi limit Container memory usage exceeded 512Mi limit    Normal Successful Completion of Pod cloudgraph-qdrant-0   Active   Normal Successful Completion of Pod cloudgraph-qdrant-0   Active   Normal Successful Completion of Pod cloudgraph-qdrant-0 - No Anomaly Detected   Active
scenario-02,keyword,symbolic,4,timeout;auth;postgres;db,timeout;auth;db,postgres,1,auth-service-pod-8b  Failed   auth-service     auth-service-deploy  Degraded      update auth-service config settings with root cause db_timeout
scenario-02,vector,neural,5,timeout;auth;postgres;db,timeout;auth;postgres;db,,1,Auth service failed to connect to database host auth-service-pod-8b   Connection pool exhausted on postgres port 5432 auth-service-pod-8b   Git revision commit sha-scenario-02 update auth-service config: db_timeout commit-scenario-02   container CPU usage seconds total is 95 percent on service auth-service container_cpu_usage_seconds_total   incident Normal Successful Completion of Pod cloudgraph-qdrant-0: Pod reached 'Completed' status via normal lifecycle execution. Correlated evidence shows n
scenario-02,hybrid,neuro-symbolic,5,timeout;auth;postgres;db,auth;postgres,timeout;db,1,auth-service-pod-8b Auth service failed to connect to database host Auth service failed to connect to database host    auth-service-pod-8b Connection pool exhausted on postgres port 5432 Connection pool exhausted on postgres port 5432    container_cpu_usage_seconds_total container CPU usage seconds total is 95 percent on service auth-service     Normal Successful Completion of Pod cloudgraph-qdrant-0 incident Normal Successful Completion of Pod cloudgraph-qdrant-0: Pod reached 'Completed' status
scenario-03,keyword,symbolic,3,cpu;utilization;frontend;latency,cpu;frontend,utilization;latency,1,frontend-service     frontend-service-deploy  Degraded      update frontend-service config settings with root cause cpu_throttling
scenario-03,vector,neural,5,cpu;utilization;frontend;latency,cpu;utilization;frontend,latency,1,container CPU usage seconds total is 95 percent on service frontend-service container_cpu_usage_seconds_total   Frontend service response time degraded to 1200ms node-worker-01   Node worker-01 CPU throttling active node-worker-01   Git revision commit sha-scenario-03 update frontend-service config: cpu_throttling commit-scenario-03   metric summary pod_cpu_utilization_ratio value 62.30520479130253 timestamp 1786052514 labels {'unit': '%'} pod_cpu_utilization_ratio
scenario-03,hybrid,neuro-symbolic,5,cpu;utilization;frontend;latency,cpu;utilization;frontend,latency,1,pod_cpu_utilization_ratio metric summary pod_cpu_utilization_ratio value 62.30520479130253 timestamp 1786052514 labels {'unit': '%'}     container_cpu_usage_seconds_total container CPU usage seconds total is 95 percent on service frontend-service     frontend-service   Active   frontend-service-deploy   Degraded   unknown  update frontend-service config settings with root cause cpu_throttling Active
